method,rmse,mae
Persistence,14.53100887425353,12.25290782039008
ARIMA,7.210599726220858,5.899179817226749
Random Forest,5.936918836272174,4.6526324627438465
